{
  "project_info": {
    "project_number": "739912649520",
    "project_id": "regisration-81cb1",
    "storage_bucket": "regisration-81cb1.appspot.com"
  },
  "client": [
    {
      "client_info": {
        "mobilesdk_app_id": "1:739912649520:android:9cef25b8661a071d69d6f5",
        "android_client_info": {
          "package_name": "com.example.regisration"
        }
      },
      "oauth_client": [
        {
          "client_id": "739912649520-jsppkip0cc6it11bif43mahck7m5a1pi.apps.googleusercontent.com",
          "client_type": 3
        }
      ],
      "api_key": [
        {
          "current_key": "AIzaSyClGkkY10nh5hi2gPiZOrhFU5W6vWH9Onc"
        }
      ],
      "services": {
        "appinvite_service": {
          "other_platform_oauth_client": [
            {
              "client_id": "739912649520-jsppkip0cc6it11bif43mahck7m5a1pi.apps.googleusercontent.com",
              "client_type": 3
            }
          ]
        }
      }
    }
  ],
  "configuration_version": "1"
}